Johannes,130,2023-11-03 17:34
Johannes,0,2023-11-03 17:40
Johannes,0,2023-11-03 17:43
Johannes,30,2023-11-03 17:49
Johannes,70,2023-11-03 17:51
J,0,2023-11-03 17:51
Johannes,110,2023-11-03 17:56
J,0,2023-11-03 18:00
J,0,2023-11-03 18:01
j,0,2023-11-03 18:28
J,0,2023-11-03 18:31
J,20,2023-11-03 18:38
Johannes,30,2023-11-03 18:40
J,0,2023-11-03 18:43
J,30,2023-11-03 18:45
J,10,2023-11-03 18:49
J,20,2023-11-03 18:52
J,40,2023-11-03 19:07
J,0,2023-11-03 19:10
J,0,2023-11-03 19:13
J,0,2023-11-03 19:14
J,0,2023-11-03 19:17
J,0,2023-11-03 19:21
J,0,2023-11-03 19:23
J,0,2023-11-03 19:27
J,0,2023-11-03 19:31
J,0,2023-11-03 19:34
J,0,2023-11-03 19:36
j,0,2023-11-03 19:38
J,0,2023-11-03 19:41
Johannes,1840,2023-11-04 07:44
<Johannes,3150,2023-11-04 07:51
Johannes,990,2023-11-04 07:54
Johannes,0,2023-11-04 07:58
